{"effective_rank":136.98678588867188,"accuracy_eval":0.921000063419342,"rank":999,"_timestamp":1.7507861425408113e+09,"dead_neurons":351,"l1_norm_change":5168.05517578125,"accuracy":0.8778833150863647,"_runtime":4718.095777811,"approx_rank":101.33333587646484,"task":799,"_wandb":{"runtime":4720},"loss":0.4125711917877197,"linf_norm_change":1.0815761089324951,"accuracy_pre":0.6735000610351562,"l2_norm_change":21.00832176208496,"_step":799}