{"effective_rank":206.53213500976562,"accuracy":0.9186333417892456,"_runtime":4710.548806721,"l2_norm_change":9.534226417541504,"task":799,"rank":999,"approx_rank":170.33334350585938,"_timestamp":1.750796760832645e+09,"dead_neurons":258.66668701171875,"accuracy_eval":0.9565000534057617,"_step":799,"_wandb":{"runtime":4713},"linf_norm_change":0.23849201202392578,"accuracy_pre":0.8635000586509705,"l1_norm_change":3708.759033203125,"loss":0.2625749409198761}