{"_step":799,"rank":998.6666870117188,"accuracy":0.9211666584014893,"_timestamp":1.7508006318707943e+09,"dead_neurons":257.66668701171875,"loss":0.2547343075275421,"accuracy_pre":0.843500018119812,"approx_rank":178.33334350585938,"linf_norm_change":0.34663769602775574,"effective_rank":212.70932006835938,"task":799,"_runtime":8582.809901708,"l1_norm_change":3731.98583984375,"accuracy_eval":0.9585000276565552,"l2_norm_change":9.548444747924805,"_wandb":{"runtime":8585}}