{"accuracy":0.9500666856765747,"rank":1000,"_step":799,"_timestamp":1.7507918276531053e+09,"dead_neurons":65,"_runtime":10379.739984838,"effective_rank":301.5906982421875,"linf_norm_change":0.3018624484539032,"l2_norm_change":14.864164352416992,"approx_rank":260,"task":799,"loss":0.16392803192138672,"l1_norm_change":9346.5595703125,"accuracy_eval":0.9745000600814819,"accuracy_pre":0.7090000510215759,"_wandb":{"runtime":10384}}